{ "results": [
	{
        "URL": "http://www.psychology.northwestern.edu/research/participate/paid-research-opportunities.html",
        "contact": "reberlab@gmail.com",
        "createdAt": "2014-09-27T16:20:30.376Z",
        "description": "N/A",
        "duration": "Variable",
        "location": "Evanston",
        "objectId": "c95ESXYSVO",
        "pay": 10,
        "requirements": "Over 18 years of age",
        "title": "Skill Learning",
        "updatedAt": "2014-10-09T00:31:53.453Z"
    },
	{
        "URL": "http://nwpsych.co1.qualtrics.com/SE/?SID=SV_ehbxA8rUDJNlzlb",
        "contact": "socialstudynu@gmail.com",
        "createdAt": "2014-09-28T17:22:03.854Z",
        "description": "Northwestern University students are welcome to participate in a study on decision making and social exchanges. ",
        "duration": "30 minutes",
        "location": "Evanston",
        "objectId": "KO2nodG9CX",
        "pay": 7,
        "requirements": "Over 18 years of age; Northwestern student",
        "title": "Motivations to Cooperate in Social Exchanges",
        "updatedAt": "2014-10-09T00:32:09.392Z"
    },
	{
        "URL": "http://www.psychology.northwestern.edu/research/participate/paid-research-opportunities.html",
        "contact": "CalcStudyNU@gmail.com",
        "createdAt": "2014-09-28T17:24:28.829Z",
        "description": "The Uttal Lab at Northwestern is seeking STUDENTS who have taken any level of calculus to participate in a 50-minute study on problem solving processes. Participants will complete a brief survey about their calculus background and solve a few math problems relating to some basic calculus concepts.",
        "duration": "50 minutes",
        "location": "Evanston",
        "objectId": "SEJHm4rSR5",
        "pay": 10,
        "requirements": "Calculus course experience; Northwestern student",
        "title": "Calculus Problem Solving Process",
        "updatedAt": "2014-10-09T00:32:11.322Z"
    },
	{
        "URL": "http://kellogg.qualtrics.com/SE/?SID=SV_2ozBJEbair7EUNn",
        "contact": "nuselflab@gmail.com",
        "createdAt": "2014-09-27T16:20:30.334Z",
        "description": "N/A",
        "duration": "30 minutes",
        "location": "Evanston",
        "objectId": "ybnxs6ZAWz",
        "pay": 10,
        "requirements": "N/A",
        "title": "College Experiences",
        "updatedAt": "2014-10-09T00:32:12.408Z"
    },
	{
        "URL": "https://weinberg.co1.qualtrics.com/SE/?SID=SV_b8dvdig4Q4BTwQ5",
        "contact": "scm.lab.northwestern@gmail.com",
        "createdAt": "2014-09-27T16:20:30.355Z",
        "description": "N/A",
        "duration": "15 minutes",
        "location": "Evanston",
        "objectId": "gnbM0fmYF5",
        "pay": 5,
        "requirements": "N/A",
        "title": "Study on Life Roles and Experiences",
        "updatedAt": "2014-10-09T00:32:13.651Z"
    },
	{
        "URL": "http://www.psychology.northwestern.edu/research/participate/paid-research-opportunities.html",
        "contact": "lhn@northwestern.edu",
        "createdAt": "2014-09-27T16:20:30.334Z",
        "description": "N/A",
        "duration": "Variable",
        "location": "Evanston",
        "objectId": "3Gw4ue2PyD",
        "pay": 25,
        "requirements": "18-34 years of age",
        "title": "Brain Development",
        "updatedAt": "2014-10-09T00:32:06.957Z"
    },
	{
        "contact": "lendusyourears@gmail.com",
        "createdAt": "2014-10-11T16:55:25.309Z",
        "description": "The Psychoacoustics Lab is recruiting participants aged 18-35 years for a research study on auditory learning.",
        "duration": "Variable",
        "location": "Evanston",
        "objectId": "83eZTHBpGv",
        "pay": 10,
        "requirements": "18-35 years of age",
        "title": "Lend us your ears!",
        "updatedAt": "2014-10-11T16:59:27.493Z"
    },
	{
        "contact": "qrg-recruiting@cs.northwestern.edu",
        "createdAt": "2014-10-11T17:00:07.531Z",
        "description": "We're developing sketching software for use in education. If you know a little about sketching 2D orthographic projections of a 3D object, we would love to have you try out our software.",
        "duration": "1 hour",
        "location": "Evanston",
        "objectId": "tk9U5NfgK2",
        "pay": 12,
        "requirements": "N/A",
        "title": "Engineering Students! We need your help!",
        "updatedAt": "2014-10-11T17:02:29.623Z"
    },
	{
        "URL": "http://www.BrainMAPD.org",
        "contact": "BrainMAPD@northwestern.edu",
        "createdAt": "2014-10-11T17:03:06.101Z",
        "description": "The Psychology Department of Northwestern University if conducting a research study of psychological and neurological changes associated with becoming an adult.",
        "duration": "3 years",
        "location": "Evanston",
        "objectId": "rDIHPKNO4M",
        "pay": 1000,
        "requirements": "18-19 years of age; Living in Chicago area for next three years",
        "title": "Brain, Motivation, and Personality Development (BrainMAPD)",
        "updatedAt": "2014-10-11T17:07:59.482Z"
    },
	{
        "contact": "cschaf3@uic.edu",
        "createdAt": "2014-10-11T17:08:24.097Z",
        "description": "Take part in a sociological research study on the sources of variations amongst atheists. This study - run through the University of Illinois at Chicago - aims to add to our understanding of atheism, by evaluating differences in definition of atheism, organizational membership, feelings about organized religion, etc. Applicants will be polled on their religious upbringing, reasons for leaving religion and the meaning and significance they presently attach to atheism.",
        "duration": "80 minutes",
        "location": "Chicago",
        "objectId": "1hg1Ejfxq4",
        "pay": 10,
        "requirements": "Over 18 years of age; Currently identify as atheistic; Have been raised with some degree of religion",
        "title": "Atheist who was raised in religion?",
        "updatedAt": "2014-10-11T17:11:55.911Z"
    },
	{
        "contact": "hll@northwestern.edu",
        "createdAt": "2014-10-11T17:13:42.028Z",
        "description": "The Hearing \u0026 Language Lab at Northwestern University is looking for adults to participate in a research study that will investigate this question.",
        "duration": "1 hour",
        "location": "Evanston",
        "objectId": "zhqxkAfVZ8",
        "pay": 10,
        "requirements": "18-35 years of age; Native English speaker",
        "title": "How do we understand speech in difficult listening conditions?",
        "updatedAt": "2014-10-11T17:15:02.059Z"
    },
	{
        "contact": "egustafson@u.northwestern.edu",
        "createdAt": "2014-10-11T17:15:47.794Z",
        "description": "Seeking speakers of French for Speech Production \u0026 Perception Experiments at Northwestern University. Participants' voices will be recorded and/or they will read or listen to speech in a quiet room. ",
        "duration": "Variable",
        "location": "Evanston",
        "objectId": "pDiC94foFY",
        "pay": 10,
        "requirements": "Over 18 years of age; Native speaker of American English; Currently enrolled in French 121-2 or 125-3; Normal speech and hearing",
        "title": "Cognitive Representation of Speech: Production, Perception, and Well-Formations",
        "updatedAt": "2014-10-11T17:17:52.097Z"
    },
	{
        "URL": "http://www.psychology.northwestern.edu/research/participate/paid-research-opportunities.html",
        "contact": "perception.nu@gmail.com",
        "createdAt": "2014-10-11T17:26:59.645Z",
        "description": "The laboratories of Dr. Satoru Suzuki and Dr. Marcia Grabowecky are currently seeking healthy adults to participate in research on perception. Studies take place on the Northwestern University Evanston campus (Cresap 306). Participants are compensated $10/hour for volunteering. The current study will take 1.5 hours and participants will be compensated $15.",
        "duration": "1.5 hours",
        "location": "Evanston",
        "objectId": "TamXRxjME6",
        "pay": 15,
        "requirements": "N/A",
        "title": "Visual Adaption, Selective Attention, and Shape Coding",
        "updatedAt": "2014-10-11T17:27:53.329Z"
    },
	{
        "URL": "http://www.psychology.northwestern.edu/research/participate/paid-research-opportunities.html",
        "contact": "creative.cognition.nu@gmail.com",
        "createdAt": "2014-10-11T17:28:18.806Z",
        "description": "HELP US LEARN MORE ABOUT COGNITION!\n\nThe psychology laboratory of Dr. Mark Beeman is currently seeking healthy adults to participate in an electroencephalography (EEG) research project. The study takes place on the Northwestern University Evanston Campus (Cresap Hall). Participants are compensated $20. Must be Caucasian, Right-Handed, and a native English speaker.",
        "duration": "N/A",
        "location": "Evanston",
        "objectId": "uhcMwei5Os",
        "pay": 20,
        "requirements": "Caucasian; Right-handed; Native English Speaker",
        "title": "Perception and Creative Cognition",
        "updatedAt": "2014-10-11T17:29:27.503Z"
    },
	{
        "URL": "http://www.psychology.northwestern.edu/research/participate/paid-research-opportunities.html",
        "contact": "NUMapResearch@gmail.com",
        "createdAt": "2014-10-11T17:30:39.381Z",
        "description": "We are conducting a research study that investigates map comprehension.  If you decide to participate, you will be asked to view maps and answer some questions about them.  The experimental session will last approximately 60 minutes, and you will be paid $12 for your participation.  Interested individuals should send an email to NUMapResearch@gmail.com",
        "duration": "1 hour",
        "location": "Evanston",
        "objectId": "O5Nl3FOfuZ",
        "pay": 12,
        "requirements": "Northwestern undergraduate with normal or corrected-to-normal vision",
        "title": "Understanding Map Experiences",
        "updatedAt": "2014-10-11T17:31:34.519Z"
    },
	{
        "URL": "http://www.psychology.northwestern.edu/research/participate/paid-research-opportunities.html",
        "contact": "cognitiveresearch@gmail.com",
        "createdAt": "2014-10-11T17:31:59.249Z",
        "description": "The Cognition and Language lab is recruiting fluent English speakers (18 and over) to participate in studies concerning spatial and information processing. Participation may involve tablet-based sketching, story reading tasks, and computer response tasks. Studies last up to an hour and participants are compensated with $12 for their time.",
        "duration": "1 hour",
        "location": "Evanston",
        "objectId": "CmXG591Cvx",
        "pay": 12,
        "requirements": "Over 18 years of age; Fluent English speakers",
        "title": "Spatial and Information Processing",
        "updatedAt": "2014-10-11T17:33:07.436Z"
    },
	{
        "URL": "http://www.psychology.northwestern.edu/research/participate/paid-research-opportunities.html",
        "contact": "huxqing03@gmail.com",
        "createdAt": "2014-10-11T17:34:06.019Z",
        "description": "We are looking for participants over age of 18. The study involves two sessions, which takes 1 hour and 15 mins in total. Participation will be paid at $12/hr, plus a second-time show up fee. So the total payment will be $20. In the study, there will be questionnaires and coumputer-based categorization tasks. Please email your time availability and demographical information (age, gender, race, major, etc) to huxqing03@gmail.com for schedules. Please use CEP PAID STUDY  as your email subject.",
        "duration": "1.25 hours",
        "location": "Evanston",
        "objectId": "fVFweX6QTH",
        "pay": 20,
        "requirements": "Over 18 years of age",
        "title": "Social Judgement Task",
        "updatedAt": "2014-10-11T17:34:59.484Z"
    }
] }